[
    {
        "pinkcage": [
          {
            "fridge": {
              "x": 305.260009765625,
              "y": -206.42999267578128,
              "z": 54.22000122070312
            },
            "door": {
              "x": 307.3800048828125,
              "y": -213.27000427246097,
              "z": 54.20999908447265
            },
            "stash": {
              "x": 307.5,
              "y": -207.49600219726565,
              "z": 54.54000091552734
            },
            "wardrobe": {
              "x": 302.6799926757813,
              "y": -207.44000244140625,
              "z": 54.22000122070312
            }
          },
          {
            "door": {
              "x": 311.0899963378906,
              "y": -203.17999267578128,
              "z": 54.20999908447265
            },
            "stash": {
              "x": 310.82000732421875,
              "y": -198.02000427246097,
              "z": 54.75
            },
            "wardrobe": {
              "x": 306.5899963378906,
              "y": -197.57000732421875,
              "z": 54.22000122070312
            }
          },
          {
            "door": {
              "x": 315.9100036621094,
              "y": -194.3999938964844,
              "z": 54.2400016784668
            },
            "stash": {
              "x": 320.989990234375,
              "y": -194.38999938964844,
              "z": 54.75
            },
            "wardrobe": {
              "x": 321.7099914550781,
              "y": -189.86000061035156,
              "z": 54.22000122070312
            }
          }
        ]
    }
]